809,ABA,UPCOM,listed,2026-08-28 12:41:00.214924+00
1264,AC4,UPCOM,listed,2026-08-28 12:41:00.214924+00
1910,AFC,UPCOM,listed,2026-08-28 12:41:00.214924+00
1549,AGE,UPCOM,listed,2026-08-28 12:41:00.214924+00
1189,AMD,UPCOM,listed,2026-08-28 12:41:00.214924+00
1679,AQN,UPCOM,listed,2026-08-28 12:41:00.214924+00
1057,ASA,UPCOM,listed,2026-08-28 12:41:00.214924+00
1204,ASD,UPCOM,listed,2026-08-28 12:41:00.214924+00
1873,ATB,UPCOM,listed,2026-08-28 12:41:00.214924+00
1697,ATD,UPCOM,listed,2026-08-28 12:41:00.214924+00
1350,AUM,UPCOM,listed,2026-08-28 12:41:00.214924+00
1003,AVF,UPCOM,listed,2026-08-28 12:41:00.214924+00
1089,B82,UPCOM,listed,2026-08-28 12:41:00.214924+00
1237,BAM,UPCOM,listed,2026-08-28 12:41:00.214924+00
583,BBC,HOSE,listed,2026-08-28 12:41:00.214924+00
1327,BCG,UPCOM,listed,2026-08-28 12:41:00.214924+00
313,BCH,HNX,listed,2026-08-28 12:41:00.214924+00
522,BCI,HOSE,listed,2026-08-28 12:41:00.214924+00
1526,BCO,UPCOM,listed,2026-08-28 12:41:00.214924+00
1532,BCR,UPCOM,listed,2026-08-28 12:41:00.214924+00
68,BDB,HNX,listed,2026-08-28 12:41:00.214924+00
1720,BDC,UPCOM,listed,2026-08-28 12:41:00.214924+00
1946,BDF,UPCOM,listed,2026-08-28 12:41:00.214924+00
1886,BDP,UPCOM,listed,2026-08-28 12:41:00.214924+00
1020,BGM,UPCOM,listed,2026-08-28 12:41:00.214924+00
1616,BGT,UPCOM,listed,2026-08-28 12:41:00.214924+00
423,BHS,HOSE,listed,2026-08-28 12:41:00.214924+00
1038,BHT,UPCOM,listed,2026-08-28 12:41:00.214924+00
1055,BHV,UPCOM,listed,2026-08-28 12:41:00.214924+00
1217,BII,UPCOM,listed,2026-08-28 12:41:00.214924+00
1799,BKH,UPCOM,listed,2026-08-28 12:41:00.214924+00
1683,BLU,UPCOM,listed,2026-08-28 12:41:00.214924+00
1770,BLW,UPCOM,listed,2026-08-28 12:41:00.214924+00
1481,BMN,UPCOM,listed,2026-08-28 12:41:00.214924+00
1638,BPT,UPCOM,listed,2026-08-28 12:41:00.214924+00
1692,BPW,UPCOM,listed,2026-08-28 12:41:00.214924+00
93,BSC,HNX,listed,2026-08-28 12:41:00.214924+00
196,BST,HNX,listed,2026-08-28 12:41:00.214924+00
939,BTC,UPCOM,listed,2026-08-28 12:41:00.214924+00
1410,BTR,UPCOM,listed,2026-08-28 12:41:00.214924+00
1705,BUD,UPCOM,listed,2026-08-28 12:41:00.214924+00
1666,BXT,UPCOM,listed,2026-08-28 12:41:00.214924+00
1965,C12,UPCOM,listed,2026-08-28 12:41:00.214924+00
1905,C36,UPCOM,listed,2026-08-28 12:41:00.214924+00
1175,C71,UPCOM,listed,2026-08-28 12:41:00.214924+00
1611,CAB,UPCOM,listed,2026-08-28 12:41:00.214924+00
1629,CAF,UPCOM,listed,2026-08-28 12:41:00.214924+00
1579,CAM,UPCOM,listed,2026-08-28 12:41:00.214924+00
641,CAV,HOSE,listed,2026-08-28 12:41:00.214924+00
1806,CBC,UPCOM,listed,2026-08-28 12:41:00.214924+00
1727,CC4,UPCOM,listed,2026-08-28 12:41:00.214924+00
1358,CCH,UPCOM,listed,2026-08-28 12:41:00.214924+00
1448,CDH,UPCOM,listed,2026-08-28 12:41:00.214924+00
1622,CDV,UPCOM,listed,2026-08-28 12:41:00.214924+00
1853,CE1,UPCOM,listed,2026-08-28 12:41:00.214924+00
1240,CEC,UPCOM,listed,2026-08-28 12:41:00.214924+00
780,CEE,HOSE,listed,2026-08-28 12:41:00.214924+00
1931,CEG,UPCOM,listed,2026-08-28 12:41:00.214924+00
1704,CER,UPCOM,listed,2026-08-28 12:41:00.214924+00
1127,CFC,UPCOM,listed,2026-08-28 12:41:00.214924+00
1542,CGC,UPCOM,listed,2026-08-28 12:41:00.214924+00
1548,CGL,UPCOM,listed,2026-08-28 12:41:00.214924+00
1337,CGP,UPCOM,listed,2026-08-28 12:41:00.214924+00
1201,CKH,UPCOM,listed,2026-08-28 12:41:00.214924+00
980,CLG,UPCOM,listed,2026-08-28 12:41:00.214924+00
1174,CNH,UPCOM,listed,2026-08-28 12:41:00.214924+00
1640,CNX,UPCOM,listed,2026-08-28 12:41:00.214924+00
1599,CPW,UPCOM,listed,2026-08-28 12:41:00.214924+00
1668,CT5,UPCOM,listed,2026-08-28 12:41:00.214924+00
861,CTA,UPCOM,listed,2026-08-28 12:41:00.214924+00
915,CTN,UPCOM,listed,2026-08-28 12:41:00.214924+00
1967,CVC,UPCOM,listed,2026-08-28 12:41:00.214924+00
1897,CVH,UPCOM,listed,2026-08-28 12:41:00.214924+00
1557,CVP,UPCOM,listed,2026-08-28 12:41:00.214924+00
650,CVS,HOSE,listed,2026-08-28 12:41:00.214924+00
1482,CXH,UPCOM,listed,2026-08-28 12:41:00.214924+00
555,CXM,HOSE,listed,2026-08-28 12:41:00.214924+00
1025,CYC,UPCOM,listed,2026-08-28 12:41:00.214924+00
913,CZC,UPCOM,listed,2026-08-28 12:41:00.214924+00
796,D17,UPCOM,listed,2026-08-28 12:41:00.214924+00
933,D26,UPCOM,listed,2026-08-28 12:41:00.214924+00
1505,DAN,UPCOM,listed,2026-08-31 01:00:04.390851+00
949,DAP,UPCOM,listed,2026-08-28 12:41:00.214924+00
1990,DAR,UPCOM,listed,2026-08-28 12:41:00.214924+00
1432,DBH,UPCOM,listed,2026-08-28 12:41:00.214924+00
1380,DBW,UPCOM,listed,2026-08-28 12:41:00.214924+00
1248,DCD,UPCOM,listed,2026-08-28 12:41:00.214924+00
1842,DCI,UPCOM,listed,2026-08-28 12:41:00.214924+00
1641,DFS,UPCOM,listed,2026-08-28 12:41:00.214924+00
240,DGL,HNX,listed,2026-08-28 12:41:00.214924+00
206,DHI,HNX,listed,2026-08-28 12:41:00.214924+00
257,DHL,HNX,listed,2026-08-28 12:41:00.214924+00
1571,DKH,UPCOM,listed,2026-08-28 12:41:00.214924+00
1760,DKP,UPCOM,listed,2026-08-28 12:41:00.214924+00
819,DKW,UPCOM,listed,2026-08-28 12:41:00.214924+00
1511,DLM,UPCOM,listed,2026-08-28 12:41:00.214924+00
1544,DMS,UPCOM,listed,2026-08-28 12:41:00.214924+00
1657,DNB,UPCOM,listed,2026-08-28 12:41:00.214924+00
1468,DNR,UPCOM,listed,2026-08-28 12:41:00.214924+00
1120,DNS,UPCOM,listed,2026-08-28 12:41:00.214924+00
1092,DNY,UPCOM,listed,2026-08-28 12:41:00.214924+00
1563,DPD,UPCOM,listed,2026-08-28 12:41:00.214924+00
1329,DPS,UPCOM,listed,2026-08-28 12:41:00.214924+00
1878,DSS,UPCOM,listed,2026-08-28 12:41:00.214924+00
1983,DSV,UPCOM,listed,2026-08-28 12:41:00.214924+00
1450,DT4,UPCOM,listed,2026-08-28 12:41:00.214924+00
1681,DTB,UPCOM,listed,2026-08-28 12:41:00.214924+00
1560,DTE,UPCOM,listed,2026-08-28 12:41:00.214924+00
1241,DTN,UPCOM,listed,2026-08-28 12:41:00.214924+00
946,DTV,UPCOM,listed,2026-08-28 12:41:00.214924+00
1134,DVH,UPCOM,listed,2026-08-28 12:41:00.214924+00
805,DVT,UPCOM,listed,2026-08-28 12:41:00.214924+00
1780,DX2,UPCOM,listed,2026-08-28 12:41:00.214924+00
1665,DXD,UPCOM,listed,2026-08-28 12:41:00.214924+00
1061,DZM,UPCOM,listed,2026-08-28 12:41:00.214924+00
1234,EAD,UPCOM,listed,2026-08-28 12:41:00.214924+00
314,EBA,HNX,listed,2026-08-28 12:41:00.214924+00
388,EMC,HOSE,listed,2026-08-28 12:41:00.214924+00
1615,EPC,UPCOM,listed,2026-08-28 12:41:00.214924+00
1827,EPH,UPCOM,listed,2026-08-28 12:41:00.214924+00
1734,ESL,UPCOM,listed,2026-08-28 12:41:00.214924+00
876,FBA,UPCOM,listed,2026-08-28 12:41:00.214924+00
987,FDG,UPCOM,listed,2026-08-28 12:41:00.214924+00
1060,FDT,UPCOM,listed,2026-08-28 12:41:00.214924+00
1626,FHH,UPCOM,listed,2026-08-28 12:41:00.214924+00
1078,FLC,UPCOM,listed,2026-08-28 12:41:00.214924+00
1887,FSC,UPCOM,listed,2026-08-28 12:41:00.214924+00
1601,GAB,UPCOM,listed,2026-08-28 12:41:00.214924+00
1730,GCD,UPCOM,listed,2026-08-28 12:41:00.214924+00
1546,GEM,UPCOM,listed,2026-08-28 12:41:00.214924+00
1054,GFC,UPCOM,listed,2026-08-28 12:41:00.214924+00
1956,GGS,UPCOM,listed,2026-08-28 12:41:00.214924+00
15,GHA,HNX,listed,2026-08-28 12:41:00.214924+00
1877,GID,UPCOM,listed,2026-08-28 12:41:00.214924+00
1608,GQN,UPCOM,listed,2026-08-28 12:41:00.214924+00
1181,GTC,UPCOM,listed,2026-08-28 12:41:00.214924+00
938,GTH,UPCOM,listed,2026-08-28 12:41:00.214924+00
1686,GTK,UPCOM,listed,2026-08-28 12:41:00.214924+00
653,GTN,HOSE,listed,2026-08-28 12:41:00.214924+00
1779,HAB,UPCOM,listed,2026-08-28 12:41:00.214924+00
1017,HAI,UPCOM,listed,2026-08-28 12:41:00.214924+00
1371,HAL,UPCOM,listed,2026-08-28 12:41:00.214924+00
1577,HAW,UPCOM,listed,2026-08-28 12:41:00.214924+00
63,HBB,HNX,listed,2026-08-28 12:41:00.214924+00
192,HBE,HNX,listed,2026-08-28 12:41:00.214924+00
1443,HBI,UPCOM,listed,2026-08-28 12:41:00.214924+00
1690,HBW,UPCOM,listed,2026-08-28 12:41:00.214924+00
1150,HCB,UPCOM,listed,2026-08-28 12:41:00.214924+00
1392,HCS,UPCOM,listed,2026-08-28 12:41:00.214924+00
904,HDO,UPCOM,listed,2026-08-28 12:41:00.214924+00
1566,HDS,UPCOM,listed,2026-08-28 12:41:00.214924+00
1975,HEM,UPCOM,listed,2026-08-28 12:41:00.214924+00
1784,HFS,UPCOM,listed,2026-08-28 12:41:00.214924+00
1781,HFT,UPCOM,listed,2026-08-28 12:41:00.214924+00
1672,HGA,UPCOM,listed,2026-08-28 12:41:00.214924+00
1573,HGC,UPCOM,listed,2026-08-28 12:41:00.214924+00
1578,HGR,UPCOM,listed,2026-08-28 12:41:00.214924+00
1374,HGW,UPCOM,listed,2026-08-28 12:41:00.214924+00
1252,HHA,UPCOM,listed,2026-08-28 12:41:00.214924+00
1915,HHR,UPCOM,listed,2026-08-28 12:41:00.214924+00
871,HIG,UPCOM,listed,2026-08-28 12:41:00.214924+00
1714,HIZ,UPCOM,listed,2026-08-28 12:41:00.214924+00
1643,HKC,UPCOM,listed,2026-08-28 12:41:00.214924+00
1360,HKP,UPCOM,listed,2026-08-28 12:41:00.214924+00
1769,HLE,UPCOM,listed,2026-08-28 12:41:00.214924+00
977,HLG,UPCOM,listed,2026-08-28 12:41:00.214924+00
1449,HLR,UPCOM,listed,2026-08-28 12:41:00.214924+00
1631,HNE,UPCOM,listed,2026-08-28 12:41:00.214924+00
1845,HNS,UPCOM,listed,2026-08-28 12:41:00.214924+00
1453,HNT,UPCOM,listed,2026-08-28 12:41:00.214924+00
189,HPC,HNX,listed,2026-08-28 12:41:00.214924+00
1308,HPM,UPCOM,listed,2026-08-28 12:41:00.214924+00
130,HPR,HNX,listed,2026-08-28 12:41:00.214924+00
129,HPS,HNX,listed,2026-08-28 12:41:00.214924+00
1729,HPU,UPCOM,listed,2026-08-28 12:41:00.214924+00
1473,HRG,UPCOM,listed,2026-08-28 12:41:00.214924+00
1440,HRT,UPCOM,listed,2026-08-28 12:41:00.214924+00
89,HSC,HNX,listed,2026-08-28 12:41:00.214924+00
968,HSI,UPCOM,listed,2026-08-28 12:41:00.214924+00
159,HST,HNX,listed,2026-08-28 12:41:00.214924+00
416,HT2,HOSE,listed,2026-08-28 12:41:00.214924+00
1763,HT9,UPCOM,listed,2026-08-28 12:41:00.214924+00
12,HTB,HNX,listed,2026-08-28 12:41:00.214924+00
1531,HTH,UPCOM,listed,2026-08-28 12:41:00.214924+00
1620,HTK,UPCOM,listed,2026-08-28 12:41:00.214924+00
1467,HTR,UPCOM,listed,2026-08-28 12:41:00.214924+00
1984,HTU,UPCOM,listed,2026-08-28 12:41:00.214924+00
1940,HTW,UPCOM,listed,2026-08-28 12:41:00.214924+00
1554,HUX,UPCOM,listed,2026-08-28 12:41:00.214924+00
1600,HVB,UPCOM,listed,2026-08-28 12:41:00.214924+00
1000,HVG,UPCOM,listed,2026-08-28 12:41:00.214924+00
1496,I10,UPCOM,listed,2026-08-28 12:41:00.214924+00
1455,IBC,UPCOM,listed,2026-08-28 12:41:00.214924+00
1655,IBN,UPCOM,listed,2026-08-28 12:41:00.214924+00
1593,ICS,UPCOM,listed,2026-08-28 12:41:00.214924+00
1259,IDN,UPCOM,listed,2026-08-28 12:41:00.214924+00
1661,IED,UPCOM,listed,2026-08-28 12:41:00.214924+00
1253,IFC,UPCOM,listed,2026-08-28 12:41:00.214924+00
1140,IHK,UPCOM,listed,2026-08-28 12:41:00.214924+00
1795,IKH,UPCOM,listed,2026-08-28 12:41:00.214924+00
1516,IMI,UPCOM,listed,2026-08-28 12:41:00.214924+00
1654,IN7,UPCOM,listed,2026-08-28 12:41:00.214924+00
1235,ING,UPCOM,listed,2026-08-28 12:41:00.214924+00
1586,IPH,UPCOM,listed,2026-08-28 12:41:00.214924+00
931,KAC,UPCOM,listed,2026-08-28 12:41:00.214924+00
1165,KBE,UPCOM,listed,2026-08-28 12:41:00.214924+00
1086,KCE,UPCOM,listed,2026-08-28 12:41:00.214924+00
1711,KDF,UPCOM,listed,2026-08-28 12:41:00.214924+00
1389,KGU,UPCOM,listed,2026-08-28 12:41:00.214924+00
975,KHA,UPCOM,listed,2026-08-28 12:41:00.214924+00
901,KHB,UPCOM,listed,2026-08-28 12:41:00.214924+00
854,KHL,UPCOM,listed,2026-08-28 12:41:00.214924+00
1266,KLF,UPCOM,listed,2026-08-28 12:41:00.214924+00
1213,KLM,UPCOM,listed,2026-08-28 12:41:00.214924+00
216,KLS,HNX,listed,2026-08-28 12:41:00.214924+00
186,KMF,HNX,listed,2026-08-28 12:41:00.214924+00
1287,KPC,UPCOM,listed,2026-08-28 12:41:00.214924+00
930,KSA,UPCOM,listed,2026-08-28 12:41:00.214924+00
1164,KSC,UPCOM,listed,2026-08-28 12:41:00.214924+00
1871,KSE,UPCOM,listed,2026-08-28 12:41:00.214924+00
1016,KSH,UPCOM,listed,2026-08-28 12:41:00.214924+00
1365,KSK,UPCOM,listed,2026-08-28 12:41:00.214924+00
1015,KSS,UPCOM,listed,2026-08-28 12:41:00.214924+00
929,KTB,UPCOM,listed,2026-08-28 12:41:00.214924+00
1696,KTU,UPCOM,listed,2026-08-28 12:41:00.214924+00
1543,KTW,UPCOM,listed,2026-08-28 12:41:00.214924+00
1508,KWA,UPCOM,listed,2026-08-28 12:41:00.214924+00
900,L44,UPCOM,listed,2026-08-28 12:41:00.214924+00
1755,LBC,UPCOM,listed,2026-08-28 12:41:00.214924+00
1147,LCC,UPCOM,listed,2026-08-28 12:41:00.214924+00
921,LCS,UPCOM,listed,2026-08-28 12:41:00.214924+00
1462,LCW,UPCOM,listed,2026-08-28 12:41:00.214924+00
1650,LDU,UPCOM,listed,2026-08-28 12:41:00.214924+00
1244,LGM,UPCOM,listed,2026-08-28 12:41:00.214924+00
1617,LIF,UPCOM,listed,2026-08-28 12:41:00.214924+00
1869,LTG,UPCOM,listed,2026-08-28 12:41:00.214924+00
1906,LWS,UPCOM,listed,2026-08-28 12:41:00.214924+00
1660,LYF,UPCOM,listed,2026-08-28 12:41:00.214924+00
269,M26,HNX,listed,2026-08-28 12:41:00.214924+00
1535,MAI,UPCOM,listed,2026-08-28 12:41:00.214924+00
1441,MC3,UPCOM,listed,2026-08-28 12:41:00.214924+00
1510,MCD,UPCOM,listed,2026-08-28 12:41:00.214924+00
1324,MCI,UPCOM,listed,2026-08-28 12:41:00.214924+00
1948,MCT,UPCOM,listed,2026-08-28 12:41:00.214924+00
1605,MDN,UPCOM,listed,2026-08-28 12:41:00.214924+00
1844,MDT,UPCOM,listed,2026-08-28 12:41:00.214924+00
1595,MEG,UPCOM,listed,2026-08-28 12:41:00.214924+00
1509,MEY,UPCOM,listed,2026-08-28 12:41:00.214924+00
1670,MHP,UPCOM,listed,2026-08-28 12:41:00.214924+00
1674,MHY,UPCOM,listed,2026-08-28 12:41:00.214924+00
1102,MIM,UPCOM,listed,2026-08-28 12:41:00.214924+00
1485,MKT,UPCOM,listed,2026-08-28 12:41:00.214924+00
1879,MLN,UPCOM,listed,2026-08-28 12:41:00.214924+00
1068,MMC,UPCOM,listed,2026-08-28 12:41:00.214924+00
184,MNC,HNX,listed,2026-08-28 12:41:00.214924+00
336,MSC,HNX,listed,2026-08-28 12:41:00.214924+00
1628,MT9,UPCOM,listed,2026-08-28 12:41:00.214924+00
967,MTC,UPCOM,listed,2026-08-28 12:41:00.214924+00
1219,MTM,UPCOM,listed,2026-08-28 12:41:00.214924+00
817,MTX,UPCOM,listed,2026-08-28 12:41:00.214924+00
1249,MVY,UPCOM,listed,2026-08-28 12:41:00.214924+00
1552,MXC,UPCOM,listed,2026-08-28 12:41:00.214924+00
1456,NBR,UPCOM,listed,2026-08-28 12:41:00.214924+00
1370,NBS,UPCOM,listed,2026-08-28 12:41:00.214924+00
1497,NCP,UPCOM,listed,2026-08-28 12:41:00.214924+00
833,NEM,UPCOM,listed,2026-08-28 12:41:00.214924+00
1126,NHN,UPCOM,listed,2026-08-28 12:41:00.214924+00
1210,NHP,UPCOM,listed,2026-08-28 12:41:00.214924+00
460,NHS,HOSE,listed,2026-08-28 12:41:00.214924+00
544,NKD,HOSE,listed,2026-08-28 12:41:00.214924+00
84,NLC,HNX,listed,2026-08-28 12:41:00.214924+00
1355,NMK,UPCOM,listed,2026-08-28 12:41:00.214924+00
1427,NNB,UPCOM,listed,2026-08-28 12:41:00.214924+00
1184,NNG,UPCOM,listed,2026-08-28 12:41:00.214924+00
1662,NNQ,UPCOM,listed,2026-08-28 12:41:00.214924+00
1303,NPH,UPCOM,listed,2026-08-28 12:41:00.214924+00
919,NPS,UPCOM,listed,2026-08-28 12:41:00.214924+00
1966,NQT,UPCOM,listed,2026-08-28 12:41:00.214924+00
1982,NS2,UPCOM,listed,2026-08-28 12:41:00.214924+00
1953,NS3,UPCOM,listed,2026-08-28 12:41:00.214924+00
1026,NTB,UPCOM,listed,2026-08-28 12:41:00.214924+00
1461,NTR,UPCOM,listed,2026-08-28 12:41:00.214924+00
1817,PBK,UPCOM,listed,2026-08-28 12:41:00.214924+00
1302,PCN,UPCOM,listed,2026-08-28 12:41:00.214924+00
1576,PDT,UPCOM,listed,2026-08-28 12:41:00.214924+00
953,PEC,UPCOM,listed,2026-08-28 12:41:00.214924+00
458,PHT,HOSE,listed,2026-08-28 12:41:00.214924+00
1405,PKR,UPCOM,listed,2026-08-28 12:41:00.214924+00
760,PME,HOSE,listed,2026-08-28 12:41:00.214924+00
1048,PPG,UPCOM,listed,2026-08-28 12:41:00.214924+00
1525,PPV,UPCOM,listed,2026-08-28 12:41:00.214924+00
1099,PSG,UPCOM,listed,2026-08-28 12:41:00.214924+00
1278,PTK,UPCOM,listed,2026-08-28 12:41:00.214924+00
824,PTN,UPCOM,listed,2026-08-28 12:41:00.214924+00
1097,PVA,UPCOM,listed,2026-08-28 12:41:00.214924+00
456,PVF,HOSE,listed,2026-08-28 12:41:00.214924+00
868,PX1,UPCOM,listed,2026-08-28 12:41:00.214924+00
1239,PXC,UPCOM,listed,2026-08-28 12:41:00.214924+00
265,PXK,HNX,listed,2026-08-28 12:41:00.214924+00
1493,PYU,UPCOM,listed,2026-08-28 12:41:00.214924+00
1426,QBR,UPCOM,listed,2026-08-28 12:41:00.214924+00
1765,QLD,UPCOM,listed,2026-08-28 12:41:00.214924+00
1917,QLT,UPCOM,listed,2026-08-28 12:41:00.214924+00
972,RDP,UPCOM,listed,2026-08-28 12:41:00.214924+00
1925,RGC,UPCOM,listed,2026-08-28 12:41:00.214924+00
227,RHC,HNX,listed,2026-08-28 12:41:00.214924+00
1399,RHN,UPCOM,listed,2026-08-28 12:41:00.214924+00
1943,RLC,UPCOM,listed,2026-08-28 12:41:00.214924+00
1424,ROS,UPCOM,listed,2026-08-28 12:41:00.214924+00
1388,RTH,UPCOM,listed,2026-08-28 12:41:00.214924+00
1429,RTS,UPCOM,listed,2026-08-28 12:41:00.214924+00
1398,RVN,UPCOM,listed,2026-08-28 12:41:00.214924+00
1030,S27,UPCOM,listed,2026-08-28 12:41:00.214924+00
950,S33,UPCOM,listed,2026-08-28 12:41:00.214924+00
80,S64,HNX,listed,2026-08-28 12:41:00.214924+00
226,S91,HNX,listed,2026-08-28 12:41:00.214924+00
895,S96,UPCOM,listed,2026-08-28 12:41:00.214924+00
1537,SAD,UPCOM,listed,2026-08-28 12:41:00.214924+00
894,SAP,UPCOM,listed,2026-08-28 12:41:00.214924+00
1565,SCA,UPCOM,listed,2026-08-28 12:41:00.214924+00
1963,SCH,UPCOM,listed,2026-08-28 12:41:00.214924+00
1558,SCV,UPCOM,listed,2026-08-28 12:41:00.214924+00
1747,SCY,UPCOM,listed,2026-08-28 12:41:00.214924+00
1084,SD1,UPCOM,listed,2026-08-28 12:41:00.214924+00
1044,SDB,UPCOM,listed,2026-08-28 12:41:00.214924+00
891,SDE,UPCOM,listed,2026-08-28 12:41:00.214924+00
1215,SDF,UPCOM,listed,2026-08-28 12:41:00.214924+00
1082,SDH,UPCOM,listed,2026-08-28 12:41:00.214924+00
866,SDI,UPCOM,listed,2026-08-28 12:41:00.214924+00
890,SDJ,UPCOM,listed,2026-08-28 12:41:00.214924+00
1178,SDX,UPCOM,listed,2026-08-28 12:41:00.214924+00
400,SEC,HOSE,listed,2026-08-28 12:41:00.214924+00
121,SEL,HNX,listed,2026-08-28 12:41:00.214924+00
1230,SFT,UPCOM,listed,2026-08-28 12:41:00.214924+00
1490,SGO,UPCOM,listed,2026-08-28 12:41:00.214924+00
1659,SGV,UPCOM,listed,2026-08-28 12:41:00.214924+00
1208,SHG,UPCOM,listed,2026-08-28 12:41:00.214924+00
1491,SHX,UPCOM,listed,2026-08-28 12:41:00.214924+00
78,SIC,HNX,listed,2026-08-28 12:41:00.214924+00
1081,SJC,UPCOM,listed,2026-08-28 12:41:00.214924+00
179,SKS,HNX,listed,2026-08-28 12:41:00.214924+00
1298,SLC,UPCOM,listed,2026-08-28 12:41:00.214924+00
208,SNG,HNX,listed,2026-08-28 12:41:00.214924+00
1790,SON,UPCOM,listed,2026-08-28 12:41:00.214924+00
1671,SOV,UPCOM,listed,2026-08-28 12:41:00.214924+00
1390,SPA,UPCOM,listed,2026-08-28 12:41:00.214924+00
1043,SPP,UPCOM,listed,2026-08-28 12:41:00.214924+00
1487,SPS,UPCOM,listed,2026-08-28 12:41:00.214924+00
1080,SQC,UPCOM,listed,2026-08-28 12:41:00.214924+00
1466,SRT,UPCOM,listed,2026-08-28 12:41:00.214924+00
1621,SSE,UPCOM,listed,2026-08-28 12:41:00.214924+00
1122,SSF,UPCOM,listed,2026-08-28 12:41:00.214924+00
1257,SSN,UPCOM,listed,2026-08-28 12:41:00.214924+00
118,SSS,HNX,listed,2026-08-28 12:41:00.214924+00
1824,SST,UPCOM,listed,2026-08-28 12:41:00.214924+00
1978,SSU,UPCOM,listed,2026-08-28 12:41:00.214924+00
1094,STL,UPCOM,listed,2026-08-28 12:41:00.214924+00
877,STU,UPCOM,listed,2026-08-28 12:41:00.214924+00
1133,STV,UPCOM,listed,2026-08-28 12:41:00.214924+00
1750,SUM,UPCOM,listed,2026-08-28 12:41:00.214924+00
625,SVI,HOSE,listed,2026-08-28 12:41:00.214924+00
1712,SVL,UPCOM,listed,2026-08-28 12:41:00.214924+00
178,SVS,HNX,listed,2026-08-28 12:41:00.214924+00
1899,T12,UPCOM,listed,2026-08-28 12:41:00.214924+00
1789,TA3,UPCOM,listed,2026-08-28 12:41:00.214924+00
532,TAC,HOSE,listed,2026-08-28 12:41:00.214924+00
862,TAG,UPCOM,listed,2026-08-28 12:41:00.214924+00
1648,TAN,UPCOM,listed,2026-08-28 12:41:00.214924+00
1439,TAP,UPCOM,listed,2026-08-28 12:41:00.214924+00
1404,TB8,UPCOM,listed,2026-08-28 12:41:00.214924+00
1652,TBH,UPCOM,listed,2026-08-28 12:41:00.214924+00
1742,TBN,UPCOM,listed,2026-08-28 12:41:00.214924+00
1145,TBT,UPCOM,listed,2026-08-28 12:41:00.214924+00
48,TBX,HNX,listed,2026-08-28 12:41:00.214924+00
76,TC6,HNX,listed,2026-08-28 12:41:00.214924+00
177,TCS,HNX,listed,2026-08-28 12:41:00.214924+00
1561,TDI,UPCOM,listed,2026-08-28 12:41:00.214924+00
1293,TDL,UPCOM,listed,2026-08-28 12:41:00.214924+00
224,TDN,HNX,listed,2026-08-28 12:41:00.214924+00
1269,TEC,UPCOM,listed,2026-08-28 12:41:00.214924+00
1855,TEL,UPCOM,listed,2026-08-28 12:41:00.214924+00
782,THI,HOSE,listed,2026-08-28 12:41:00.214924+00
1913,THO,UPCOM,listed,2026-08-28 12:41:00.214924+00
1376,THR,UPCOM,listed,2026-08-28 12:41:00.214924+00
392,TIC,HOSE,listed,2026-08-28 12:41:00.214924+00
1041,TKC,UPCOM,listed,2026-08-28 12:41:00.214924+00
1637,TKG,UPCOM,listed,2026-08-28 12:41:00.214924+00
1588,TLI,UPCOM,listed,2026-08-28 12:41:00.214924+00
1108,TLT,UPCOM,listed,2026-08-28 12:41:00.214924+00
1502,TND,UPCOM,listed,2026-08-28 12:41:00.214924+00
1159,TNM,UPCOM,listed,2026-08-28 12:41:00.214924+00
1518,TNV,UPCOM,listed,2026-08-28 12:41:00.214924+00
1130,TNY,UPCOM,listed,2026-08-28 12:41:00.214924+00
141,TPH,HNX,listed,2026-08-28 12:41:00.214924+00
1224,TQN,UPCOM,listed,2026-08-28 12:41:00.214924+00
1506,TRH,UPCOM,listed,2026-08-28 12:41:00.214924+00
996,TS4,UPCOM,listed,2026-08-28 12:41:00.214924+00
1774,TS5,UPCOM,listed,2026-08-28 12:41:00.214924+00
1939,TTJ,UPCOM,listed,2026-08-28 12:41:00.214924+00
986,TTP,UPCOM,listed,2026-08-28 12:41:00.214924+00
1157,TTR,UPCOM,listed,2026-08-28 12:41:00.214924+00
1971,TTV,UPCOM,listed,2026-08-28 12:41:00.214924+00
1143,TVP,UPCOM,listed,2026-08-28 12:41:00.214924+00
1985,TVU,UPCOM,listed,2026-08-28 12:41:00.214924+00
1748,TVW,UPCOM,listed,2026-08-28 12:41:00.214924+00
887,V11,UPCOM,listed,2026-08-28 12:41:00.214924+00
1091,V15,UPCOM,listed,2026-08-28 12:41:00.214924+00
886,VAT,UPCOM,listed,2026-08-28 12:41:00.214924+00
857,VC5,UPCOM,listed,2026-08-28 12:41:00.214924+00
1368,VCN,UPCOM,listed,2026-08-28 12:41:00.214924+00
1354,VCW,UPCOM,listed,2026-08-28 12:41:00.214924+00
1826,VDM,UPCOM,listed,2026-08-28 12:41:00.214924+00
1059,VE2,UPCOM,listed,2026-08-28 12:41:00.214924+00
1292,VEE,UPCOM,listed,2026-08-28 12:41:00.214924+00
1709,VHI,UPCOM,listed,2026-08-28 12:41:00.214924+00
1959,VIH,UPCOM,listed,2026-08-28 12:41:00.214924+00
389,VIS,HOSE,listed,2026-08-28 12:41:00.214924+00
1155,VKD,UPCOM,listed,2026-08-28 12:41:00.214924+00
983,VKP,UPCOM,listed,2026-08-28 12:41:00.214924+00
982,VLF,UPCOM,listed,2026-08-28 12:41:00.214924+00
1223,VMI,UPCOM,listed,2026-08-28 12:41:00.214924+00
1277,VNN,UPCOM,listed,2026-08-28 12:41:00.214924+00
1528,VNW,UPCOM,listed,2026-08-28 12:41:00.214924+00
1413,VOC,UPCOM,listed,2026-08-28 12:41:00.214924+00
962,VPK,UPCOM,listed,2026-08-28 12:41:00.214924+00
883,VSP,UPCOM,listed,2026-08-28 12:41:00.214924+00
944,VT1,UPCOM,listed,2026-08-28 12:41:00.214924+00
1222,VT8,UPCOM,listed,2026-08-28 12:41:00.214924+00
1090,VTL,UPCOM,listed,2026-08-28 12:41:00.214924+00
1077,VTS,UPCOM,listed,2026-08-28 12:41:00.214924+00
822,VUG,UPCOM,listed,2026-08-28 12:41:00.214924+00
1893,VW1,UPCOM,listed,2026-08-28 12:41:00.214924+00
1274,WEB,UPCOM,listed,2026-08-28 12:41:00.214924+00
841,WTB,UPCOM,listed,2026-08-28 12:41:00.214924+00
1804,WTN,UPCOM,listed,2026-08-28 12:41:00.214924+00
1945,X18,UPCOM,listed,2026-08-28 12:41:00.214924+00
1534,XDC,UPCOM,listed,2026-08-28 12:41:00.214924+00
1454,YRC,UPCOM,listed,2026-08-28 12:41:00.214924+00
137,YSC,HNX,listed,2026-08-28 12:41:00.214924+00
